Visual_score_norm,hfp_our_norm
0,0
0,0
0,1.46275E-08
0,1.94361E-07
0,0
0,0.000101886
0,0
0,3.41132E-09
0,0
0,9.7206E-09
0,0
0,6.4861E-05
0,0
0,0
0,0.000184773
0,4.53499E-09
0,0
0,3.55145E-09
0,3.76304E-09
0,0.160211653
0,0
0,0
0,1.51461E-07
0,0
0,0
0,9.8133E-05
0,0
0,0.000117692
0,0
0,9.85805E-05
0,6.87916E-05
0,0
0,0
0,0
0,0
0,0
0,0
0,0
0,6.884E-05
0,0
0,0
0,0
0,0
0,0
0,0
0,0
0,0
0,0
0,0
0,0
0,0
0.03539823,0.02949681
0,0
0,0
0,0
0,0.005087557
0,0
0,0
0,4.93798E-05
0,0.00010222
0,0
0,0
0,3.94096E-05
0,0
0,0.000111786
0,0
0,0
0,0.08017612
0,0.00566154
0,0.034616557
0,0.000132691
0,0.160586298
0,0.000307522
0,0.056094805
0,0
0,0
0,0.00010078
0.10619469,0.00507216
0,0
0,6.51471E-05
0,0.005598419
0,0
0,0.005086396
0,0
0,0
0,0.001595107
0,0.000206001
0,0.027221625
0.10619469,3.70253E-05
0,0.009013134
0,0.005183933
0,0.08
0,0
0,0.000350867
0,0.00518682
0,0
0,0.081200674
0,0.015994557
0,0.005212905
0,0.00527662
0,0
0,0
0.03539823,0
0,0
0.053097345,0.005858121
0,0.003237202
0,0.005196115
0,0.016871278
0,0.004728459
0,0.007328953
0,0
0,0.000124262
0.053097345,0.081666608
0,0.167330242
0,4.59225E-05
0,0.00514049
0,0
0,0
0,9.02419E-05
0,4.09586E-05
0,0
0,0.009730738
0,0.110237275
0,0.000309659
0,0.017114636
0,0.013629707
0,0.007852331
0,0.044957427
0,8.12953E-05
0,0.01386817
0,2.19237E-10
0,0.005373585
0,0.005614344
0,0.005437738
0,0.08
0,0
0.159292035,6.82437E-05
0,0.005118971
0,5.68723E-05
0,0.000788099
0,0
0,0
0,0.092195482
0,0.032784979
0,0.000144036
0,0.004783006
0,0.160963059
0,0
0,0
0,0
0,0.005867594
0,0
0,0.028204323
0,0.006089783
0,0
0,0.005682294
0,0.080089862
0,0.000337223
0,0.000153184
0,7.71244E-05
0,0.008854993
0,0.024838295
0,0
0,0
0,0.007590829
0,0.000282769
0,0.006634888
0,0
0,3.24445E-05
0,0.005524933
0,0.007446577
0,0.000315492
0,0
0,0.162141879
0,0
0,0.000192255
0,9.88698E-05
0.194690265,0.161635664
0.477876106,0.50901799
0,0.005165753
0,0
0,0.015302119
0,0.0050202
0,0
0,3.58387E-06
0,3.58592E-06
0,0
0,0
0.14159292,0.16064713
0,0.006633562
0,0.000212679
0,0.000547609
0.07079646,0.023700381
0,0
0,0
0,0.005178522
0,0.032642288
0,0
0,0.000823596
0,3.36565E-05
0,0
0,0.008304221
0,0
0,0
0,0.080713145
0,0.000149655
0,0.005002317
0,0.005338063
0,0.005333683
0.03539823,0.005000471
0,0
0,0
0,5.14328E-05
0,2.09771E-07
0,0.080961886
0,0.17420786
0,0.08
0.159292035,0.326777829
0.10619469,0.160311522
0,0.000188486
0,4.19373E-05
0,0
0.07079646,0.082049385
0,0.000946289
0.07079646,0.005057304
0,4.03965E-08
0,5.65492E-06
0,0
0,0.033483388
0,0.000714576
0,0.005598379
0.10619469,0.000194078
0,3.33717E-05
0,0
0.867256637,0.639383195
0,7.70411E-06
0.10619469,0.164141795
0,0.01002314
0,0.010969246
0.194690265,0.164832061
0,0.005115508
0,0.005002418
0.14159292,0.171914861
0,0.005103795
0,0.010035786
0,0.022180312
0,3.45529E-06
0,0.005598419
0,0.005248897
0,0.000171388
0,0.005194133
0,0.000234823
0.17699115,0.096593568
0,0.0001813
0.03539823,0.000343521
0,0.005695451
0,0
0,0
0,0.014313319
0,0
0,0.000133458
0,0.005212995
0,4.05607E-05
0,0.003984047
0.088495575,0.082185903
0,0.06311409
0,4.96827E-05
0,0
0,0.00510725
0,0.005468473
0,0
0.283185841,0.240991618
0.371681416,0.173396294
0.14159292,0.202294252
0,0.00581265
0,7.11243E-05
0.053097345,0.000422824
0,9.87278E-06
0,0
0,0
0.185840708,0.081391487
0,0.005213921
0,0
0,0
0,2.10587E-06
0,0.038140312
0.03539823,0.161515379
0,0.005167158
0,0.008898369
0,0.005053493
0,0
0.07079646,0.027916064
0,0.000196908
0,0
0,0.02946992
0,0.080043096
0,5.52419E-06
0,0.015656316
0,0
0,0.240004007
0,0.000477243
0,0
0.212389381,0.084713827
0,0.03506406
0.10619469,0.006450188
0,0.000518763
0,0.00508602
0,0
0.10619469,0.098880332
0,0.013637633
0.053097345,0.170826823
0,0
0,0.000111083
0,0.0001983
0,0.005919998
0,0.005417384
0.03539823,0.006373673
0,0
0.088495575,0.167662844
0,0.005580447
0,0.005005773
0,0
0.07079646,6.86549E-05
0.10619469,0.171695572
0,9.0856E-05
0,0.081085638
0,0
0,1.18514E-05
0,0
0.14159292,0.001080974
0,0.000176176
0.300884956,0.273139596
0,0.005010518
0,4.07895E-05
0,0
0,0.08
0,0.080064641
0,0.001241121
0,0.005266147
0,0.011659059
0,0.082574418
0,1.83378E-06
0.14159292,0.092136104
0.212389381,0.035093649
0.10619469,0.162435887
0.123893805,0.083755641
0.10619469,0.005494158
0.10619469,0.000111917
0.14159292,0.047074066
0,0
0.053097345,0.013229924
0.088495575,5.61737E-06
0.132743363,0.178657209
0,0.000438018
0,0
0,0
0.17699115,0.084036935
0,0.029606555
0,0.003570463
0,0.009380049
0.07079646,0.061036
0,0.083135949
0,0
0.159292035,0.05610391
0,0.008600862
0,0.005124429
0,0.005598891
0,4.57899E-05
0.415929204,0.338351897
0,0.190752586
0.03539823,0.080336962
0,0.000374325
0,0.00549097
0,0.011703398
0.522123894,0.366060986
0.03539823,0.007842083
0.03539823,0.00598616
0,0.005620255
0.07079646,1.67629E-05
0,0.000412419
0,0
0.03539823,0.027191339
0,8.42036E-05
0,0.000144037
0,0.007257994
0.17699115,2.46716E-05
0,0
0,0.10011341
0,0.082862644
0,0.00576326
0.265486726,0.16
0,0
0.03539823,0.11305073
0.07079646,0.243135354
0.663716814,0.732775511
0,6.57096E-05
0,0
0.159292035,0.205871224
0,0.006025509
0,0.006408656
0.336283186,0.017049954
0,0.00051983
0,0.005156551
0,0
0,0
0.03539823,0.05668535
0,0
0.309734513,0.436161171
0,0.000447807
0.10619469,0.106259259
0.10619469,0.034753433
0.053097345,0.007614953
0.053097345,0.085302576
0,0.002577037
0,0.000123633
0,0
0.159292035,0.005001683
0.265486726,0.192151232
0.07079646,0.006060425
0,0.00066751
0,0
0.123893805,0.160001216
0.07079646,0.08
0.309734513,0.256877015
0.17699115,0.039613446
0.194690265,0.27887906
0.03539823,0.11870113
0.07079646,0.10954269
0.07079646,0.100769769
0.07079646,0.015575819
0.088495575,0.281575101
0.17699115,0.086980399
0.256637168,0.595402493
0.150442478,0.194328901
0,0
0,0
0.327433628,0.267651719
0,0.010685358
0.159292035,0.16043779
0.10619469,0.000352519
0,0.015291261
0,0.013220673
0.10619469,0.086373673
0,0
0.07079646,0.163568234
0.088495575,0.170854524
0,0.002268462
0.17699115,0.060073937
0,0.00033824
0,0.005974774
0,0
0,0.000781745
0.398230088,0.21578497
0.221238938,0.292472341
0.327433628,0.340716924
0.265486726,0.240577615
0,0
0.504424779,0.319343753
0.17699115,0.092879571
0,0.012549545
0,0.018317701
0,0.005924468
0,0
0,0.000808233
0,0.000523112
0,0.08
0.123893805,0.021342521
0.146017699,0.168978984
0,7.91531E-05
0.132743363,0.206333425
0.380530973,0.536410594
0.274336283,0.57823019
0,0.000247883
0.221238938,0.207425321
0.132743363,0.110166627
0.168141593,0.076293484
0.03539823,0.089208819
0.185840708,0.137414888
0,8.4156E-05
0,0.000200435
0,0.021518096
0.469026549,0.376592261
0.146017699,0.575399626
0.03539823,0.089135232
0.123893805,0.07771237
0.380530973,0.262248479
0,0.005002343
0,0.005001996
0.221238938,0.251752014
0.203539823,0.441396931
0.10619469,0.001093067
0,0.000378418
0.088495575,0.081335948
0.469026549,0.361757231
0.14159292,0.237888127
0.221238938,0.261459491
0.185840708,0.208288953
0.07079646,0.005086505
0.230088496,0.350713566
0.194690265,0.294478557
0.03539823,0.125019823
0,0.000337571
0,0.005365624
0.03539823,0.025659354
0,0
0.663716814,0.587789704
0.10619469,0.329822675
0,0
0.238938053,0.390971476
0.221238938,0.176879306
0,0.007455873
0.247787611,0.202419977
0.146017699,0.245859966
0,0.005334669
0.159292035,0.160940272
0.539823009,0.368698795
0,0.037392804
0.274336283,0.479101299
0,2.29279E-05
0,0.001342004
0.247787611,0.005288166
0.181415929,0.329862166
0.238938053,0.229906818
0.159292035,0.0060082
0.03539823,0.060035268
0.199115044,0.258085294
0,0.00530732
0,0.01159352
0.03539823,0.017049992
0.03539823,0.086594485
0,0.005100743
0.10619469,0.005338663
0.185840708,0.175241908
0.238938053,0.32172955
0,2.77661E-05
0.123893805,0.328573518
0,0.007809305
0.14159292,0.083716296
0,0.000693753
0.592920354,0.371531708
0,0.106203346
0.03539823,4.25334E-05
0.557522124,0.621532814
0.663716814,0.373075952
0,0.01693635
0,0.006961576
0.088495575,0.067934684
0.292035398,0.30673297
0.274336283,0.265990657
0.185840708,0.286204172
0,0.000524677
0.07079646,0.005018449
0.221238938,0.178156434
0.504424779,0.465941523
0.088495575,0.016552662
0,0.006373673
0.469026549,0.681593482
0.451327434,0.70819055
0.03539823,0.020878598
0,0.018130852
0.309734513,0.313319267
0,0.005153343
0.619469027,0.639341585
0.345132743,0.501295144
0.053097345,0.110249337
0.504424779,0.482651056
0.185840708,0.224302494
0.159292035,0.019856458
0.10619469,0.000344839
0,0.000279479
0,1.19239E-07
0,0.007942437
0.053097345,0.080108544
0,0
0.82300885,0.797714981
0,0.007460637
0.256637168,0.43570124
0.376106195,0.38946875
0.292035398,0.277496941
0,0.054750203
0.517699115,0.595873112
0.274336283,0.304851765
0.610619469,0.726009381
0.17699115,0.259332501
0.256637168,0.34424751
0.221238938,0.263026782
0.185840708,0.437471149
0.053097345,0.096053724
0.159292035,0.031593425
0,0.000353895
0,0.008703132
0,9.34085E-06
0.699115044,0.647703299
0.10619469,0.120443125
0,0.011913676
0.451327434,0.399788195
0.053097345,0.329920035
0.17699115,0.388147147
0.159292035,0.279393632
0.14159292,0.144553003
0,0.000482899
0.238938053,0.316173983
0,0
0,0
0.345132743,0.341822786
0.061946903,0.170380208
0,0.047602861
0.10619469,0.020558179
0,0
0.557522124,0.564879966
0.181415929,0.233436816
0.238938053,0.249738708
0.238938053,0.431688564
0,0.013008456
0,0.006699291
0.14159292,0.166868047
0.10619469,0.006416297
0.159292035,0.085543968
0.185840708,0.318228313
0.10619469,0.005937049
0.194690265,0.167228301
0.699115044,0.593579181
0.185840708,0.259410019
0.123893805,0.167120038
0.371681416,0.403652154
0.256637168,0.265242592
0,0.005050599
0,0.005780968
0.159292035,0.352948191
0.097345133,0.243348222
0.07079646,0.082633341
0.300884956,0.396650606
0.10619469,0.182707846
0.07079646,0.029430355
0.17699115,0.223208507
0,0.051760042
0,0.162652978
0,0.002593523
0.123893805,0.279390427
0,0.058417256
0.256637168,0.396650606
0,4.36719E-05
0,0.059981046
0.159292035,0.005003405
0.628318584,0.542164049
0.185840708,0.186121817
0.327433628,0.23361199
0.292035398,0.212142903
0,0.003432345
0.230088496,0.481337659
0.159292035,0.165187477
0.123893805,0.094875793
0.247787611,0.204425428
0,2.76756E-05
0.181415929,0.357946189
0,0.011906153
0.216814159,0.367926387
0.123893805,0.102328593
0.10619469,0.069457626
0,0.011923859
0,0.078127947
0.03539823,0.005202692
0.238938053,0.395654251
0.274336283,0.509271115
0,0.101840601
0,0.005728241
0.256637168,0.367086177
0,0.064015983
0.053097345,0.071771211
0,0.305044316
0.03539823,0.009864263
0.14159292,0.01667966
0.743362832,1
0.14159292,0.184721981
0.327433628,0.31898029
0,0.006474507
0.10619469,0.043519191
0.247787611,0.005804513
0.504424779,0.673658541
0.159292035,0.080804136
0.327433628,0.417920479
0.292035398,0.238263384
0.07079646,0.017159238
0,0.086669698
0.088495575,0.030565355
0.283185841,0.005123982
0.619469027,0.384761995
0.150442478,0.250095291
0.123893805,0.229969072
0.159292035,0.091267693
0.185840708,0.291676765
0.185840708,0.437226121
0.10619469,0.189430355
0.194690265,0.005091439
0,0.08654767
0.10619469,0.026818721
0,0.269963739
0.283185841,0.09307024
0,0.050655105
0.088495575,0.080849075
0.433628319,0.561905467
0.300884956,0.593964819
0.159292035,0.091702771
0,0.114273092
0.216814159,0.237025908
0.10619469,0.168709041
0,0.160480839
0.212389381,0.054603972
0.053097345,0.053379162
0.168141593,0.081725374
0.256637168,0.569087253
0.256637168,0.315399771
0.256637168,0.311394493
0,0.081895033
0,0.078062486
0.486725664,0.266830233
0.053097345,0.102500053
0.10619469,0.032754829
0,0.062101313
0.10619469,0.15177221
0.053097345,0.102115062
0.146017699,0.132901017
0.380530973,0.302375299
0.292035398,0.160685476
0.185840708,0.22047361
0.292035398,0.559209962
0,0.074844326
0.10619469,0.160054345
0.14159292,0.200763846
0.353982301,0.289012357
0.539823009,0.511603463
0.159292035,0.284729407
0,0.04916164
0.345132743,0.150916073
0.10619469,0.177594909
0.256637168,0.558104524
0,0.091601826
0.663716814,0.332303375
0.07079646,0.205622773
0.07079646,0.005414405
0.415929204,0.377877119
0.221238938,0.191962021
0,0.082039921
0.03539823,0.106169338
0.10619469,0.074433596
0,0.005561059
0.03539823,0.290688887
0.309734513,0.477317765
0.123893805,0.242959789
0.03539823,0.160180186
0.03539823,0.057164405
0.17699115,0.325286214
0.212389381,0.208362322
0.159292035,0.031404276
0.743362832,1
0.309734513,0.495278147
0.221238938,0.267252755
0,0.128391328
0.256637168,0.319449338
0.10619469,0.037736367
0,0.007622022
0.300884956,0.526684187
0.03539823,0.080508138
0.309734513,0.498797542
0.181415929,0.148087656
0.053097345,0.005505346
0.159292035,0.16
0.185840708,0.270779353
0.053097345,0.081156057
0,0.08238066
0.221238938,0.208058547
0.345132743,0.214615969
0,0.108962647
0.309734513,0.498818975
0.566371681,0.944155955
0.504424779,0.687373061
0,0.036473923
0.07079646,0.221878753
0,0.129124722
0.89380531,0.60744807
0,0.152227418
0,0.080042932
0.194690265,0.012876794
0.433628319,0.55580485
0,0.089157191
0.132743363,0.711551599
0.327433628,0.296696138
0.10619469,0.157138567
0.221238938,0.136446809
0,0.16269458
0.14159292,0.168556788
0.199115044,0.117341527
0,0.091026034
0,0.168510508
0.238938053,0.358540277
0.185840708,0.362905658
0,0.078261495
0.159292035,0.257250742
0.10619469,0.169731553
0.17699115,0.225210777
0.212389381,0.31477873
0.123893805,0.160194578
0.14159292,0.16
0,0.083698089
0.199115044,0.3401975
0,0.000704678
0,0.095869513
0.10619469,0.092974587
0.10619469,0.228999936
0.469026549,0.499648499
0,0.009531732
0.10619469,0.185404263
0.362831858,0.299493898
0.03539823,0.097590474
0.17699115,0.160321249
0.327433628,0.24187048
0.238938053,0.318618414
0,0.140660638
0,0.081906441
0.07079646,0.06408457
0,0.027520137
0.07079646,0.363893685
0.694690265,0.560856351
0,0.028492611
0,0.244073793
0.14159292,0.098711982
0.088495575,0.141560487
0,0.005212656
0.840707965,0.633232731
0.353982301,0.467983828
0.10619469,0.093304302
0.230088496,0.230475462
0,0.086777562
0.734513274,0.563077697
0,0.034776285
0,0.03839503
0,0.00651603
0,0.02636085
0,0.139749447
0.407079646,0.16943963
0.053097345,0.153977951
0,0.083923462
0,0.090018583
0.053097345,0.223861623
0.345132743,0.440479444
0.212389381,0.217701365
0,0.056438207
0.32300885,0.290662533
0.592920354,0.85282572
0,0.087974054
0,0.07348202
0.238938053,0.313272346
0.380530973,0.388144256
0.504424779,0.699957736
0.628318584,0.862696728
0.300884956,0.492156899
0,0.083053844
0.353982301,0.595764245
0.398230088,0.399433769
0.088495575,0.054564482
0.433628319,0.56448421
0.265486726,0.320154427
0.504424779,0.325258648
0,0.15464519
0.269911504,0.278805222
0.539823009,0.28926347
0.469026549,0.375079594
0.256637168,0.379026282
0.10619469,0.114747278
0.46460177,0.311480555
0.504424779,0.690641447
0.03539823,0.068662947
0,0.10451531
0,0.046160407
0,0.027553861
0.14159292,0.249808935
0.181415929,0.149447826
0.199115044,0.46693803
0.194690265,0.193810958
0.053097345,0.07544654
0,0.057002855
0,0.185260531
0.123893805,0.161802216
0.230088496,0.080490864
0.150442478,0.095106386
0.194690265,0.170395877
0.159292035,0.365271048
0,0.020569854
0,0.001303303
0.185840708,0.278260231
0.123893805,0.10305192
0.212389381,0.212982288
0.309734513,0.275310642
0.274336283,0.305301718
0.327433628,0.257597434
0.309734513,0.219359975
0.256637168,0.496116807
0.14159292,0.192868085
0.628318584,0.678624691
0.14159292,0.169163164
0,0.10981917
0.300884956,0.242185759
0,0.055108791
0.557522124,0.584285212
0,0.08104684
0.5,0.848839266
0.053097345,0.110336673
0.238938053,0.243255234
0,0.054173472
0.309734513,0.242201331
0.327433628,0.493113989
0.539823009,0.392475276
0.03539823,0.120234605
0,0.282343064
0,0.007070442
0.053097345,0.156324721
0.053097345,0.173782825
0.256637168,0.217760184
0.663716814,0.52141342
0.03539823,0.027850039
0.053097345,0.029197123
0.469026549,0.264490185
0.088495575,0.176058062
0.10619469,0.294795552
0,0.063873198
0.252212389,0.289229561
0.159292035,0.038348289
0,0.099221003
0,0.098803904
0,0.02514808
0.292035398,0.473321625
0.14159292,0.193035192
0.159292035,0.164783213
0.10619469,0.101711584
0.10619469,0.253086159
0.230088496,0.236407361
0.17699115,0.172881131
0.309734513,0.263551805
0,0.049203916
0,0.048599594
0.053097345,0.014609894
0,0.08585404
0.146017699,0.202380438
0,0.005042096
0.469026549,0.371563364
0.460176991,0.547192189
0,0.034762104
0.283185841,0.215780792
0.181415929,0.237306371
0.053097345,0.069047889
0.03539823,0.077689499
0,0.031963464
0.10619469,0.222399502
0.053097345,0.106995171
0.053097345,0.030234586
0,0.00711065
0.159292035,0.056976737
0,0.107685206
0.14159292,0.101435183
0.469026549,0.543252239
0.247787611,0.262056889
0,0.054564482
0.778761062,0.605820428
0.353982301,0.256428098
0.628318584,0.587785476
0,0.065702666
0,0.074430494
0.247787611,0.443155203
0.415929204,0.15760891
0,0.069078861
0.654867257,0.90460767
0.504424779,0.51126969
0.486725664,0.508070108
0.053097345,0.088924319
0,0
0.168141593,0.223924446
0,0.087467721
0,0
0.336283186,0.376444861
0,0.137488165
0.10619469,0.108214564
0.380530973,0.234668325
0.371681416,0.393503062
0,0.021489514
0,0.0608517
0.194690265,0.282044149
0.159292035,0.094251662
0.530973451,0.611087292
0,0
0.17699115,0.379304801
0.380530973,0.330740555
0.460176991,0.399538201
0.238938053,0.34577935
0,0.131282193
0.07079646,0.166678311
0.380530973,0.29078064
0,0.291963355
0,0.030674826
0,0.010795664
0.123893805,0.243589279
0.345132743,0.418964202
0.309734513,0.411534608
0.451327434,0.555630747
0.362831858,0.395851889
0.469026549,0.522578249
0.345132743,0.343050792
0.345132743,0.474601172
0,0.058410647
0.088495575,0.091410272
0,0
0.17699115,0.090113294
0.265486726,0.163540814
0,0.070403168
0.42920354,0.304479187
0.362831858,0.333458635
0,0.010922616
0.504424779,0.390825678
0.380530973,0.4734493
0.477876106,0.25209391
0.522123894,0.650391325
0.14159292,0.023609913
0.061946903,0.114029263
0.442477876,0.511238493
0,0
0.216814159,0.286595195
0.053097345,0.233346042
0.530973451,0.377817652
0.17699115,0.248897976
0,0
0.17699115,0.203414276
0.82300885,0.700022086
0,0.008754242
0.486725664,0.401503189
0.053097345,0.133044829
0.407079646,0.406063389
0.743362832,0.76086756
0,0.054893031
0,0.006907267
0,0.017049954
0,0.009955193
0.646017699,0.798621756
0.053097345,0.187922272
0.230088496,0.104386196
0,0.0140453
0.380530973,0.323009453
0.398230088,0.491803745
0.03539823,0.240026578
0.053097345,0.059143104
0.07079646,0.319282776
0.14159292,0.099839312
0,0.203875078
0,0.16147684
0.053097345,0.425285751
0.274336283,0.322730505
0.628318584,0.456558986
0,0.124792461
0.389380531,0.204783786
0,0
0,0.005365289
0.123893805,0.172970854
0.10619469,0.174394028
0.123893805,0.122010684
0,0.226107941
0.185840708,0.241149533
0,0.14657276
0,0.008605812
0.03539823,0.107097947
0.292035398,0.388927275
0.482300885,0.229953188
0.300884956,0.18927299
0.256637168,0.465229649
0,0.073855516
0.230088496,0.219017749
0.345132743,0.368664985
0.088495575,0.210743981
0,0
0,0.016842478
0.053097345,0.050835084
0.292035398,0.591914852
0.053097345,0.223025913
0,0.032669839
0.969026549,0.775572161
0.194690265,0.189902875
0.566371681,0.722491329
0.053097345,0.067462397
0.053097345,0.0514397
0,0.050534633
0.345132743,0.318764023
0,0.171050257
0,0.020443967
0,0.134484353
0.053097345,0.04726315
0,0.071965854
0,0.005007593
0.353982301,0.188728664
0.327433628,0.250683342
0.03539823,0.087791495
0,0.041877131
0.10619469,0.130739547
0.256637168,0.3680564
0.362831858,0.309332876
0.504424779,0.353354322
0.292035398,0.005150527
0,0.181623181
0.221238938,0.358604708
0,0.337277953
0,0.022964846
0.389380531,0.752120572
0,0.117845706
0.663716814,0.321146358
0.14159292,0.207527208
0.238938053,0.211855524
0.486725664,0.563826262
0.03539823,0.107531892
0,0.026789327
0.305309735,0.212123179
0.433628319,0.315675173
0,0.047986744
0.159292035,0.224839897
0.07079646,0.165282505
0.159292035,0.098745968
0.371681416,0.206916005
0.557522124,0.552206932
0.327433628,0.279748516
0.088495575,0.164307639
0,0.127892909
0.283185841,0.351811266
0.318584071,0.364763243
0.663716814,0.752283374
0.389380531,0.331913036
0.07079646,0.146541182
0.340707965,0.230472277
0.415929204,0.460191224
0.336283186,0.083769682
0.469026549,0.222222332
0,0.096215859
0.553097345,0.240040705
0.292035398,0.34931373
0,0.137792643
0.522123894,0.207405124
0.088495575,0.18223244
0.716814159,0.50671561
0.734513274,0.27084204
0.03539823,0.200072508
0,0.179463953
0.123893805,0.199833414
0.513274336,0.438772028
0,0.166228659
0.380530973,0.135971288
0.486725664,0.475314811
0,0.001265799
0.053097345,0.244625108
0.185840708,0.227702753
0.194690265,0.218263879
0.415929204,0.340769026
0.292035398,0.352789946
0.053097345,0.176232704
0.17699115,0.227983236
0.353982301,0.363149404
0.084070796,0.101278895
0.809734513,0.919763363
0.530973451,0.59897514
0.07079646,0.083871114
0,0.069631267
0.123893805,0.088573802
0.194690265,0.210922599
0.274336283,0.471121173
0.353982301,0.366926404
0,0.127720534
0,0.12403859
0.469026549,0.190869957
0.539823009,0.497528234
0,0.05300524
0,0.000632035
0,0.081733278
0,0.154083104
0.230088496,0.111098826
0.424778761,0.318501114
0.252212389,0.257979595
0.318584071,0.474090049
0.309734513,0.271900122
0.610619469,0.540751275
0.159292035,0.228202024
0.199115044,0.24928659
0.053097345,0.197037017
0.172566372,0.282156774
0.513274336,0.942273655
0,0.061785904
0.637168142,0.602314767
0.146017699,0.252113035
0.433628319,0.666030643
0.230088496,0.194257605
0.469026549,0.565077149
0.743362832,0.746923662
0,0.018202777
0.07079646,0.086320539
0,0.001255727
0.557522124,0.377681326
0.194690265,0.377775029
0.053097345,0.127886252
0.548672566,0.830937313
0,0.086949942
0.451327434,0.225041665
0,0.277155289
0.389380531,0.769488455
0.557522124,0.418292737
0.150442478,0.137623419
0,0.007240005
0.451327434,0.198458455
0.256637168,0.501031064
0.371681416,0.69601701
0,0.118516467
0.053097345,0.127157764
0.424778761,0.335175496
0.327433628,0.453220579
0.212389381,0.19001786
0.292035398,0.484447583
0.07079646,0.069529256
0,0.098293238
0,0.008446083
0,0.01621708
0.274336283,0.107798425
0.053097345,0.025779632
0,0.160395588
0,0.128211371
0.469026549,0.588595678
0.256637168,0.447567265
0.318584071,0.368546672
0,0.005961894
0.442477876,0.452532261
0.433628319,0.479634871
0.946902655,0.439384235
0.194690265,0.087616998
0.300884956,0.400038158
0,0.016036668
0.17699115,0.311054531
0.327433628,0.302443358
0.327433628,0.339263238
0.053097345,0.049602152
0,0.13642585
0,0.00090786
0.053097345,0.158908715
0,0.064797476
0.185840708,0.36322569
0.194690265,0.225661936
0.168141593,0.24564838
0,0.227498556
0.14159292,0.070786192
0.300884956,0.118009794
0.469026549,0.370490468
0.03539823,0.203105185
0.451327434,0.312564174
0,0.001221876
0,0.108432474
0,0.098913488
0.03539823,0.304676322
0,0.039719669
0.274336283,0.312450822
0.221238938,0.188006336
0,0.014290192
0,0.091605638
0.238938053,0.512343558
0.03539823,0.149117998
0.03539823,0.08046858
0.17699115,0.308257427
0.327433628,0.599258196
0.14159292,0.20276134
0.345132743,0.348179569
0.300884956,0.14519661
0,0.092339231
0.256637168,0.106414339
0,0.051931516
0.07079646,0.334059792
0.433628319,0.529159131
0.292035398,0.109943165
0.10619469,0.310475168
0.123893805,0.044163861
0.159292035,0.255387446
0.194690265,0.271938909
0,0.037716033
0.115044248,0.353348902
0,0.132297214
0,0.163925665
0.469026549,0.632119121
0,0.173928191
0,0.200968032
0,0.034728797
0.14159292,0.230394404
0.539823009,0.600967459
0.053097345,0.173153502
0.424778761,0.173574413
0.699115044,0.279177541
0.433628319,0.304436462
0.415929204,0.346561925
0.482300885,0.591456409
0,0.018780736
0.557522124,0.309329321
0.053097345,0.247148776
0.477876106,0.241628984
0.199115044,0.30368467
0.654867257,0.519590345
0.053097345,0.095243255
0.230088496,0.298540863
0.725663717,0.346443847
0.469026549,0.413517609
0.557522124,0.255143229
0,0.083624224
0.230088496,0.207530426
0,0.096981742
0.539823009,0.442597207
0,0.082269935
0.10619469,0.47506211
0,0.002029094
0.460176991,0.484106955
0.398230088,0.313493844
0.07079646,0.207020111
0,0.040920988
0,0.066737892
0.03539823,0.029166491
0,0.107955853
0,0.017527015
0.247787611,0.218722747
0.380530973,0.357678251
0.292035398,0.256994512
0,0.154643176
0,0.08553406
0,0.118999124
0.575221239,0.382029947
0.522123894,0.354917392
0.159292035,0.057978985
0.265486726,0.343136504
0,0.182398442
0,0.17210513
0,0.031827173
0,0.106684661
0.10619469,0.194350697
0.398230088,0.299490837
0.10619469,0.087531119
0.194690265,0.142193208
0.185840708,0.260609334
0.442477876,0.234768573
0.053097345,0.309624534
0.07079646,0.210875974
0.654867257,0.801256943
0,0.009532083
0,0.008105992
0.053097345,0.039942268
0,0.222715679
0,0.17427893
0.053097345,0.158966937
0,0.004519631
0,0.002601233
0,0.0913181
0,0.097315258
0.522123894,0.539677232
0.17699115,0.238024635
0.274336283,0.339089202
0.194690265,0.28931235
0,0.030141086
0,0.360227365
0.053097345,0.150426081
0,0.044603145
0.362831858,0.521550742
0.053097345,0.114476477
0.433628319,0.427835392
0,0.026857188
0.415929204,0.216642056
0,0.178156907
0.14159292,0.197678635
0.39380531,0.18448857
0,0.240553919
0.10619469,0.23459142
0.17699115,0.23060859
0,0.270365425
0,0.161507034
0.309734513,0.160852513
0.14159292,0.268921519
0,0.028102474
0.10619469,0.16715241
0.123893805,0.121245134
0,0.024843418
0.10619469,0.106449614
0,0.007611902
0.345132743,0.454084404
0,0.035537602
0.575221239,0.187442323
0.539823009,0.304769669
0.212389381,0.106053646
0,0.180819881
0,0.08049185
0,0.008437887
0,0.186153449
0.557522124,0.179652358
0.345132743,0.213146192
0.300884956,0.21131671
0,0.005997505
0.389380531,0.187892283
0.03539823,0.023017067
0,0.16
0.14159292,0.081879897
0,0.067737734
0,0.005570034
0,0.095200957
0,0.170025372
0,0.008896622
0.03539823,0.168871448
0.03539823,0.068702709
0.053097345,0.235481833
0,0.025507215
0,0.05141012
0.159292035,0.210786471
0,0.007081076
0,0.06677394
0.115044248,0.566390681
0,0.001939003
0,0.101005193
0,0.228940472
0,0.095580465
0,0.026585149
0,0.043501512
0,0.082851604
0,0.234577662
0,0.066293596
0,0.13063189
0,0.009914106
0.194690265,0.091614446
0.469026549,0.377982148
0,0.055239436
0,0.047577904
0,0.085073403
0.088495575,0.085166507
0.380530973,0.057126571
0,0.026601739
0.619469027,0.231026947
0,0.113434856
0,0.054984742
0.10619469,0.262661632
0,0.095291682
0,0.051814876
0.477876106,0.271359067
0.03539823,0.162937237
0,0.032230916
0,0.034454092
0,0.098863598
0.469026549,0.470842807
0.82300885,0.538055113
0.123893805,0.203335858
0,0.045599362
0.123893805,0.100481629
0,0.092312032
0,0.028315683
0.212389381,0.214799398
0,0.00614191
0.123893805,0.18799114
0,0.010005787
0,0.02035575
0.053097345,0.025076674
0,0.012949796
0,0.00176734
0.353982301,0.377091061
0,0.047638803
0,0.005934562
0,0.044142033
0,0.000556265
0,0.136919252
0,0.01515022
0,0.05873186
0.088495575,0.050275793
0,0.109224085
0,0.0270512
0,0.096836623
0,0.156115949
0,0.150360451
0,0.017303733
0,0.005370768
0,0.013629707
0,0.126967872
0,0.062004574
0,0.133396144
0.212389381,0.33642483
0,0.066653899
0.469026549,0.399091638
0.150442478,0.544711702
0,0.00637531
0,0.017937158
0,0.076366974
0,0.039645096
0.10619469,0.27624852
0,0.049878603
0,0.083086179
0.353982301,0.23211585
0,0.060208415
0,0.030844516
0,0.061739096
0,0.018435726
0,0.011036101
0.053097345,0.091068136
0.769911504,0.780085748
0,0.1180007
0.053097345,0.004457992
0,0
0,0.00505731
0,0.133314373
0.053097345,0.101659295
0,0.008141972
0.628318584,0.255710405
0,0.02756194
0.14159292,0.286902194
0.053097345,0.04011073
0.389380531,0.148131033
0,0.00545832
0,0.002213282
0.433628319,0.298079505
0,0.054425837
0.265486726,0.316982439
0.17699115,0.07309903
0,0.098466413
0.053097345,0.046713152
0.362831858,0.183948876
0.256637168,0.016959202
0.442477876,0.404601398
0,0.015723359
0,0.037339584
0,0.041879667
0,0.001152974
0,0.080259871
0,0.047832624
0,0.025051025
0,0.005469049
0,0.04816103
0.504424779,0.339936408
0.380530973,0.167365169
0.10619469,0.007403908
0,0.00292862
0,0.085110898
0,0.097667695
0,0.002143423
0.061946903,0.102539141
0.053097345,0.109229919
0,0.112636546
0,0.035480405
0.14159292,0.055415425
0.672566372,0.375326728
0.380530973,0.334699245
0.592920354,0.22407464
0.10619469,0.118204848
0.14159292,0.486070782
0.327433628,0.220019972
0.39380531,0.143355342
0,0.093362163
0,0.10137298
0,0.0573887
0,0.164235197
0.362831858,0.323346005
0.17699115,0.125644316
0.053097345,0.148989277
0,0.00873403
0,0.079773212
0,0.029748772
0.247787611,0.16597906
0,0.055698962
0,0.014301624
0.659292035,0.332178236
0,0.015806654
0,0
0,0.079807049
0.048672566,0.16394682
0,0.002016722
0,0.017681508
0,0.058884862
0,0.061730249
0,0.018883288
0,0.080106768
0,0.001373677
0,0.003045546
0,0.001853592
0.469026549,0.194005313
0.637168142,0.975856097
0,0.00934034
0.10619469,0.17528985
0.03539823,0.039561918
0.185840708,0.301505795
0.82300885,0.272618814
0.101769912,0.105074424
0,0.000287547
0,0.00263492
0,0.0321806
0.247787611,0.190021459
0.752212389,0.384043675
0,0.002189708
0.743362832,0.760869129
0,0.000305222
0,0.001912542
0,0.016964246
0,0.001442507
0,0.070939228
0.14159292,0.171120815
0.053097345,0.151748467
0.10619469,0.012545291
0,0.077503158
0.353982301,0.239279017
0.646017699,0.334932869
0,0.002213167
0,0.019450761
0.088495575,0.172836408
0,0.000284308
0,0
0.185840708,0.36220586
0.415929204,0.348611893
0,0.003188564
0,0.00184259
0,0
0,0.00624417
0.433628319,0.729395178
0.061946903,0.119117186
0,0.13753197
0.212389381,0.244830462
0.17699115,0.181101905
0.159292035,0.261458375
0,0.021234495
0.10619469,0.228061152
0.362831858,0.166505321
0.212389381,0.11718518
0,0.010865246
0,0.002465511
0,0.009368998
0,0.001445509
0,0.001591852
0,0
0.469026549,0.468918284
0.628318584,0.335776667
0,0
0,0.228471354
0,0.005398823
0,0.001440416
0,0.08
0.504424779,0.456645095
0.407079646,0.191040751
0,0.196920779
0.17699115,0.113723178
0.252212389,0.078517252
0,0.003077439
0,0.003085452
0.10619469,0.277262462
0.212389381,0.076814461
0,0.007350205
0.415929204,0.543895288
0.185840708,0.150766448
0.699115044,0.318737182
0.07079646,0.10764184
0.053097345,0.006140531
0,0.057382149
0,0.068076825
0.292035398,0.438699005
0.212389381,0.060414269
0,0.001995332
0,0.007738469
0.663716814,0.184483017
0.407079646,0.311191167
0,0.00500409
0,0.005554022
0,0.029302679
0,0.003102473
0.07079646,0.08
0.03539823,0.043167096
0,0.005341604
0,0.003356489
0,0.003078721
0,0.001462319
0,0.021503753
0,0.000145234
0,0.005539144
0,0.006395574
0,0
0,0.037350507
0,0
0,0.143120736
0.252212389,0.198683279
0.380530973,0.528876976
0,0.009879416
0.053097345,0.065957984
0.787610619,0.496709331
0,0.010571485
0,0.005685048
0.230088496,0.101024365
0,0.013935625
0.194690265,0.189843467
0.07079646,0.082959008
0.504424779,0.181728012
0.380530973,0.15098487
0.646017699,0.330228082
0.477876106,0.195331474
0,0.007018353
0,0.001611721
0.610619469,0.460250009
0,0.001576426
0,0.011478672
0,0.089704591
0,0
0,0.020995321
0,0.154621745
0.123893805,0.243304866
0.146017699,0.125666639
0.053097345,0.045934802
0,0.005445873
0,0.013394629
0,0.000152693
0,0.000621201
0.292035398,0.250160854
0.522123894,0.342404388
0.14159292,0.198967761
0.300884956,0.300941146
0.159292035,0.190601347
0,0.027354864
0,0.005598419
0.469026549,0.355052558
0.247787611,0.241409246
0,0.001754321
0,0.006629186
0.522123894,0.31934047
0,0.020302407
0.415929204,0.402800497
0,0.031245375
0.610619469,0.328595108
0.380530973,0.477016118
0.805309735,0.923741055
0,0.002027929
0.17699115,0.031896571
0.287610619,0.366990986
0,0.031221501
0.460176991,0.634090664
0,0.012441858
0.03539823,0.063775172
0.03539823,0.057259263
0.159292035,0.015728711
0,0.031739692
0,0.000167093
0,0.016924147
0,0.148737794
0.10619469,0.098954632
0.212389381,0.110906464
0.283185841,0.366622356
0,0.010847064
0,0.058074764
0,0.000611215
0.716814159,0.291685703
0,0.005719607
0.097345133,0.098032027
0,0.001276419
0,0.006189297
0.230088496,0.087015737
0,0.107349727
0.486725664,0.312284162
0,0.094713408
0,0.035225469
0.345132743,0.460654833
0,0.013907819
0,0.007047712
0,0.00146135
0.681415929,0.569890181
0.053097345,0.01641045
0,0.002088495
0,0.003732072
0,0.003664934
0,0.080143653
0.504424779,0.560340345
0,0.006012531
0.14159292,0.042139429
0,0.066137885
0.230088496,0.198060365
0,0.034020219
0,0.001629052
0,0.090624824
0,0.000601086
0,0.006333752
0,0.007650109
0,0.002147873
0,0.077854184
0.07079646,0.070264837
0.03539823,0.077770645
0,0.000916596
0,0.000705883
0,0.000597363
0,0.001628627
0,0.001366903
0,0.02606021
0,0.099453626
0.353982301,0.216394735
0,0.000681294
0.752212389,0.444189237
0.123893805,0.283123169
0,0.159977855
0.061946903,0.021702182
0,0.018585269
0,0.040931662
0.566371681,0.312769241
0,0.092650279
0,0.005701714
0,0.038240695
0.238938053,0.317530315
0,0.010528028
0.07079646,0.278572013
0,0.00070422
0,0.017048858
0.168141593,0.239923857
0,0.001231826
0,0.018637199
0.194690265,0.048235704
0.451327434,0.453005728
0,0.03930084
0,0.018660009
0,0.019006348
0,0.014843707
0,0.188716227
0,0.06256178
0,0.009048889
0,0.017426177
0.469026549,0.781033836
0,0.085018976
0.07079646,0.296142964
0,0.000728771
0.389380531,0.424317824
0.230088496,0.100370856
0,0.000356314
0,0.000275646
0.256637168,0.391647038
0,0.007000068
0,0.002654767
0.053097345,0.084386509
0,0.038233192
0,0.006828084
0.097345133,0.009158223
0,0.000754497
0.588495575,0.401040875
0,0.13333789
0,0.004609204
0.610619469,0.384487795
0,0.017261683
0.238938053,0.337384525
0,0.001200508
0,0.104750574
0,0.033693293
0.053097345,0.093622732
0,0.137086118
0,0.071932514
0,0.089613043
0,0.082482999
0.194690265,0.16845004
0.743362832,0.771355207
0.309734513,0.443655111
0.07079646,0.190952238
0.03539823,0.065858267
0.03539823,0.068232675
0,0.06462129
0,0.001796583
0,0.05564475
0.654867257,0.533118957
0.07079646,0.107006703
0,0.002933946
0,0.001173469
0.557522124,0.316880744
0,0.020934962
0.318584071,0.166118573
0.123893805,0.068713164
0,0.002643985
0.146017699,0.41445659
0,0.017127483
0,0.037736657
0.566371681,0.449970017
0,0.006372118
0.309734513,0.355116875
0.486725664,0.40447381
0,0.100052488
0,0.114976069
0.097345133,0.094844657
0.256637168,0.56067924
0,0.141789998
0.256637168,0.474963933
0.557522124,0.518821778
0.053097345,0.271254578
0,0.003724093
0.03539823,0.040591679
0,0.0501689
0.053097345,0.007451324
0,0.024854032
0.150442478,0.149643148
0.146017699,0.31322221
0,0.10846692
0,0.003916374
0,0.089829594
0,0.031460062
0,0.014085414
0,0.002773234
0,0.123433064
0,0.161449516
0,0.002397079
0,0.227624736
0,0.007779245
0,0.110304474
0,0.22152512
0,0.201096478
0,0.082036795
0,0.002913042
0.207964602,0.356688978
0,0.154322022
0,0.01075173
0,0.072778528
0.132743363,0.149807927
0,0.132241149
0,0.111920704
0,0.082499483
0.084070796,0.17736985
0.185840708,0.129252425
0.146017699,0.389649937
0,0.100980081
0.17699115,0.217770491
0,0.214460184
0.123893805,0.221898962
0.053097345,0.230160733
0.415929204,0.228544529
0,0.01917628
0,0.174034451
0.362831858,0.43210765
0,0.034894717
0,0.015827833
0.345132743,0.422771026
0,0.118846017
0.10619469,0.257944045
0,0.021403897
0.150442478,0.201925828
0.42920354,0.715404748
0.199115044,0.272918277
0.424778761,0.669274416
0.03539823,0.207928215
0,0.150258558
0.575221239,0.609164592
0.486725664,0.347123449
0.539823009,0.356229566
0.03539823,0.145944229
0,0.019153684
0,0.064414341
0.398230088,0.378088268
0,0.05045607
0.10619469,0.245637381
0,0.12991357
0.238938053,0.210302333
0,0.116595181
0,0.151871499
0.07079646,0.15318972
0,0.049452936
0,0.140655137
0.146017699,0.304803333
0,0.143433196
0,0.321695104
0.256637168,0.256140017
0.03539823,0.151112467
0,0.125673472
0,0.119628536
0.216814159,0.470058454
0.132743363,0.344767125
0.132743363,0.291246862
0,0.335115699
0.048672566,0.230944784
0.274336283,0.28326172
0.123893805,0.245579548
0,0.237581146
0.345132743,0.350048105
0.048672566,0.31464384
0.398230088,0.282198438
0.181415929,0.248161671
0,0.085619795
0.146017699,0.204894123
0,0.124579748
0,0.124753476
0.194690265,0.305725859
0.504424779,0.414872608
0,0.052499993
0.097345133,0.323484075
0.539823009,0.555286036
0,0.095254169
0.101769912,0.169761973
0.300884956,0.358262384
0.07079646,0.288084284
0.415929204,0.571417023
0.309734513,0.313920105
0.256637168,0.362090435
0,0.41930951
0.10619469,0.281093057
0.504424779,0.435224815
0.185840708,0.169807288
0.146017699,0.262644232
0.088495575,0.063090581
0,0.112100236
0.10619469,0.306024601
0.146017699,0.353642192
0.411504425,0.341216414
0.185840708,0.243141753
0,0.193543147
0.053097345,0.073133767
0.230088496,0.345616233
0.07079646,0.342631315
0.14159292,0.266758382
0.309734513,0.30283022
0,0.091473254
0.14159292,0.408630173
0,0.075729184
0.03539823,0.192756055
0.061946903,0.305696683
0.380530973,0.418729519
0,0.116531503
0.048672566,0.227827265
0.407079646,0.408129721
0.194690265,0.445630039
0,0.133070818
0.221238938,0.675130034
0.17699115,0.285765571
0.238938053,0.245129077
0,0.307759982
0.398230088,0.435524705
0.07079646,0.290841812
0.10619469,0.345370615
0,0.075507384
0.283185841,0.444264787
0.539823009,0.364671845
0.362831858,0.449199486
0,0.143939072
0.376106195,0.457481638
0.14159292,0.285247109
0,0.299026788
0.159292035,0.138255055
0.10619469,0.112765651
0,0.125012471
0.628318584,0.458269985
0.048672566,0.26410444
0.469026549,0.641981131
0,0.190122042
0.17699115,0.432403924
0.10619469,0.125639083
0.185840708,0.234656678
0.14159292,0.057623145
0.159292035,0.209949281
0.380530973,0.306877119
0,0.098993742
0.03539823,0.101249305
0.309734513,0.361105592
0,0.191730437
0,0.181016373
0.088495575,0.381930646
0.203539823,0.311287426
0.185840708,0.297418084
0,0.116043539
0.398230088,0.34110156
0,0.140708462
0.181415929,0.372031288
0,0.179620694
0.234513274,0.429359207
0.159292035,0.364154806
0,0.017268792
0.345132743,0.283080829
0.084070796,0.099908102
0.119469027,0.210766686
0.287610619,0.506098967
0.238938053,0.229632342
0,0.090560829
0.199115044,0.137924813
0,0.13020559
0.610619469,0.556217828
0.287610619,0.451129364
0,0.040672441
0,0.021900527
0.557522124,0.345256081
0.216814159,0.246951768
0.03539823,0.048390477
0.300884956,0.283815595
0,0.051778206
0,0.174806679
0,0.106566028
0.238938053,0.348499213
0.460176991,0.421835795
0.269911504,0.176692239
0,0.024144236
0,0.109658792
0.07079646,0.160530555
0.376106195,0.289979783
0,0.080751208
0.03539823,0.076043352
0.10619469,0.076641322
0.212389381,0.194254525
0.123893805,0.139222167
0.292035398,0.305945296
0,0.071558447
0.230088496,0.340530852
0.150442478,0.435667656
0,0.009846796
0,0.07181982
0.159292035,0.092565236
0,0.066388831
0.185840708,0.287905756
0.03539823,0.149358377
0.10619469,0.149879407
0,0.22425235
0,0.077764054
0.07079646,0.117411571
0,0.055366847
0.10619469,0.103625092
0,0.314807929
0.539823009,0.458655284
0,0.041597052
0,0.027024584
0.199115044,0.115864148
0.17699115,0.394071905
0,0.056165683
0.300884956,0.053873612
0,0.009200911
0,0.01920468
0.10619469,0.218244218
0,0.147403567
0,0.122875762
0,0.170990525
0,0.165469762
0,0.033396653
0,0.132947801
0,0.231303221
0.053097345,0.127630844
0,0.006275226
0.150442478,0.406982249
0,0.229435092
0,0.098804001
0,0.008750597
0,0.09037533
0,0.108337419
0.03539823,0.030947513
0,0.037481651
0.10619469,0.316359689
0.17699115,0.062870918
0,0.031898397
0.10619469,0.74
0,0.084030117
0,0.150545184
0,0.383369147
0,0.094377513
0,0.041922691
0.592920354,0.728378279
0.212389381,0.246958202
0.181415929,0.207358929
0,0.082486199
0,0.084673851
0.03539823,0.092536932
0,0.064041179
0,0.076813322
0.14159292,0.220745108
0.637168142,0.521168357
0,0.041700091
0,0.070220006
0.185840708,0.035921627
0.03539823,0.129944801
0,0.191846191
0,0.03209916
0,0.063021812
0.10619469,0.086195547
0,0.014455131
0.10619469,0.319485893
0,0.064440345
0,0.26055289
0.053097345,0.200463912
0.274336283,0.161582177
0,0.352749126
0.14159292,0.030804661
0,0.025915675
0,0.062669355
0.371681416,0.140818615
0.10619469,0.053528261
0,0.014464195
0.592920354,0.279690648
0,0.20316311
0,0.005398896
0,0.005994601
0.10619469,0.038090356
0.10619469,0.009562124
0,0.002785494
0,0.08411703
0,0.071041716
0,0.30320664
0,0.060582793
0,0.068764604
0.03539823,0.134560295
0,0.1020761
0,0.101485847
0,0.006095155
0,0.079349421
0,0.133317882
0,0.012512101
0.575221239,0.731111277
0.03539823,0.080757723
0.097345133,0.134197047
0.03539823,0.220145546
0.053097345,0.284693741
0,0.001149568
0,0.109632702
0.03539823,0.032148657
0,0.016347822
0,0.146908225
0.504424779,0.313866557
0,0.028603124
0.287610619,0.420198806
0.336283186,0.413616563
0.212389381,0.205815906
0,0.065503513
0,0.073512407
0.181415929,0.473978594
0,0.03794663
0,0.181717393
0,0.002682351
0,0.005612243
0,0.016551262
0,0.042425774
0,0
0.07079646,0.000492674
0.03539823,0.021708238
0.42920354,0.348027607
0,0
0,0.000397318
0,0
0,0.223012559
0,0.031186416
0.03539823,0.096210772
0.03539823,0.089549822
0.17699115,0.158108429
0.03539823,0.107881382
0.07079646,0.087012762
0.10619469,0.005427804
0,0.082955293
0,0.027431625
0,0.026247261
0,0.185495568
0,9.63947E-06
0,0.008785941
0,0.000118283
0,0.045157826
0,0.148110876
0.03539823,0.000366727
0,0.206890541
0.03539823,0.060006252
0,0.184325419
0,6.83893E-05
0,7.80234E-05
0,0.028281946
0,0.167529261
0,0.227137029
0,0.00531831
0,0.001849298
0,0.034756966
0.230088496,0.141776651
0.07079646,0.0971164
0,0.026354732
0,0.040538049
0,0.200354582
0.123893805,0.114195951
0.10619469,0.093232704
0.07079646,0.017858357
0,0.050023489
0,0.017030192
0,0.035590363
0,0.040570074
0,0.014747527
0.03539823,0.037038745
0,0.061749526
0,0.021031349
0,0.01003169
0,0.022995968
0.03539823,0.041252085
0,0.019509923
0,0.179173662
0,0.024562673
0.663716814,0.495149121
0.752212389,0.47089376
0,0.026860605
0,0.106200732
0,0.094043966
0,0.005587209
0.10619469,0.049524701
0,4.80221E-05
0.07079646,0.13684857
0.07079646,0.112151826
0,2.70243E-06
0.03539823,0.048552041
0,0.002969874
0,8.39803E-05
0,0.040697598
0,0.007263214
0.274336283,0.329679534
0,0.136779708
0,0.002916222
0.292035398,0.159510811
0.07079646,0.058298246
0,0.031275689
0,0.008606445
0,0.177897273
0,0.016170701
0,0.010803644
0,0.057567949
0.03539823,0.117130932
0,0.076065528
0.132743363,0.316426568
0,0.243114541
0,0.00182687
0,0.048013113
0.469026549,0.367056734
0,0.033354737
0,0.162202035
0.300884956,0.272840663
0.07079646,0.052083067
0,0.019950841
0.10619469,0.047412829
0,0.00038479
0,6.92886E-05
0,0.012526288
0,0.00020268
0.07079646,0.018985432
0.07079646,0.088971417
0,0.143317451
0,0.071891531
0,0.191788439
0.539823009,0.333775697
0.03539823,0.131923874
0,0.00563004
0.10619469,0.052199256
0,0.007489664
0.07079646,0.159934711
0,0.013398047
0.03539823,0.005365289
0.088495575,0.166039991
0.03539823,0.41778599
0,0.027827465
0,0.078599114
0,0.001127173
0,0.006464286
0,0.058261778
0,0.008097593
0,0
0.10619469,0.200732393
0,0.001871161
0.424778761,0.346058515
0.097345133,0.047398013
0.212389381,0.110137116
0,0.265465214
0,0.008593826
0.451327434,0.308793656
0,0.047706047
0,0.081046974
0.053097345,0.267876583
0,0.007083366
0,1.08396E-05
0,5.79155E-05
0,0.343807663
0,0.002753509
0.146017699,0.307551698
0,0.062747189
0,0.269840099
0.557522124,0.341063499
0,0.110831209
0.14159292,0.092671135
0.17699115,0.032237994
0,0.053435874
0.185840708,0.135082339
0.10619469,0.058703276
0.451327434,0.506000139
0.557522124,0.348227876
0.247787611,0.011141599
0,0.052682186
0,2.70583E-05
0.380530973,0.065201757
0,0.022408909
0,0.080000689
0,0.000122138
0,0.000328889
0,0.000202642
0.10619469,0.358798556
0.123893805,0.169339853
0.088495575,0.167493675
0,0.002187344
0.10619469,0.307171873
0,0.026038919
0,0.02978935
0,0.001165684
0,5.37782E-08
0,0.002173797
0,3.52833E-06
0.185840708,0.361596904
0.185840708,0.338116007
0.137168142,0.086820791
0,0.109072398
0.115044248,0.131020398
0,0.001239037
0,0.11537044
0,0.010456065
0.048672566,0.056374486
0.278761062,0.193068722
0,0.085416533
0.150442478,0.040310041
0.212389381,0.166591179
0,0.012694879
0,0.000946795
0.10619469,0.135537375
0,0.029751031
0,0.075911346
0.10619469,0.319177957
0,0.005489817
0.221238938,0.316849833
0,2.35463E-05
0.03539823,0.028606717
0,6.93285E-07
0.053097345,0.057824746
0.159292035,0.140817804
0.053097345,0.344209952
0,0.005712221
0.234513274,0.105641803
0,0.167140083
0.553097345,0.507026075
0,2.74476E-06
0.725663717,0.163025302
0.159292035,0.053496266
0,0.064465551
0,0.033198251
0,0.148540527
0.123893805,0.385160516
0.32300885,0.054693008
0,0.090959828
0.10619469,0.138199597
0.716814159,0.241495736
0,0.006149715
0.10619469,0.010611863
0,0.02111306
0,0.036373722
0.199115044,0.080373484
0.146017699,0.084624341
0.327433628,0.145336106
0.10619469,0.042573706
0.159292035,0.142311251
0,0.07919738
0,0.026822768
0,0
0,0.000539036
0,0.038627938
0,0.07956156
0.283185841,0.189959492
0,0.012562217
0,0.001204734
0,0.009435017
0,0.031043502
0,8.44207E-07
0,0.150897572
0,0.110593072
0,4.14524E-05
0,0.098060302
0.10619469,0.118754918
0.123893805,0.218343489
0,0.000346494
0.300884956,0.108170133
0.115044248,0.167257345
0.610619469,0.620031708
0,0.042296638
0,0
0.486725664,0.67601371
0,1.04386E-05
0,0.053680945
0.10619469,0.086067566
0,0.005486107
0.03539823,0.205461196
0,0.000237722
0,6.41487E-05
0.238938053,0.156692624
0.252212389,0.13898257
0,0.089555463
0,2.91147E-05
0.123893805,0.179649155
0,0.073136712
0.03539823,0.00416911
0.309734513,0.034215897
0.07079646,0.007775862
0.17699115,0.046323389
0,0.211021172
0,0.049035563
0.048672566,0.091685272
0,0.027031205
0.03539823,0.101589749
0,0.160064616
0.247787611,0.57989738
0,0.080107961
0,0.02678604
0,0
0.194690265,0.275511556
0.415929204,0.28221286
0.517699115,0.553125802
0,0.117179997
0,0.100954412
0,0.000122196
0.376106195,0.503415491
0.03539823,0.171893627
0.362831858,0.191463016
0,0.131288537
0.238938053,0.017535675
0.053097345,0.13225438
0.123893805,0.078763594
0,0.050847761
0,0.063253988
0,0.001560299
0,0.016083928
0.053097345,0.071416962
0,0.03163298
0,0.085983332
0.10619469,0.162568361
0.123893805,0.022501225
0,0.038702259
0.03539823,0.006095271
0.150442478,0.391460849
0,0.185722273
0.132743363,0.36073276
0,0.022343677
0,0.058850207
0.088495575,0.075318931
0,0.148558509
0,0.102115404
0.292035398,0.249445964
0.03539823,0.11864872
0.048672566,0.107564388
0,0.059392798
0,0.031595048
0,0.03239112
0,0.057664561
0.146017699,0.244460638
0.415929204,0.294452252
0,0.005008798
0.371681416,0.046355901
0,0.013396669
0,0.067927826
0,0.013723493
0.10619469,0.105500114
0.230088496,0.096221008
0.123893805,0.098691193
0.03539823,0.26773756
0,0.002468053
0,0.000549374
0,0.089698091
0.053097345,0.248755364
0,0.106801635
0.327433628,0.416711699
0,0.189318029
0,0.088834041
0,0.080245485
0.10619469,0.141042986
0.10619469,0.059355556
0,0.07083748
0.199115044,0.264247572
0,0.042034317
0.17699115,0.39966635
0,0.005226079
0.17699115,0.302706041
0,0.083245835
0.048672566,0.361260561
0.146017699,0.115903169
0,0.010620277
0,0.054876744
0,0.161027954
0,3.62281E-06
0.5,0.306784116
0,0.154216532
0,0.020394759
0.10619469,0.156231521
0.10619469,0.095867593
0,0.075330864
0,0.097133599
0,0.014501313
0.10619469,0.170063951
0.159292035,0.22624316
0,0.13774205
0.03539823,0.045700552
0.292035398,0.139484234
0.10619469,0.090176201
0,0.073756195
0,1.12974E-06
0,0.022059037
0.061946903,0.190557349
0,0.005974686
0.061946903,0.047641884
0.07079646,0.086903333
0.199115044,0.092975745
0,0.009259005
0,0.008521424
0.376106195,0.410949506
0,0.058497571
0.17699115,0.061965019
0.159292035,0.059504141
0.411504425,0.444874049
0,0.00064269
0.03539823,0.017375492
0.238938053,0.198136131
0.03539823,0.2122107
0,0.041941997
0.517699115,0.610499765
0.159292035,0.237113838
0,0.009925049
0,0.033916935
0,0.109434429
0.194690265,0.090410697
0.053097345,0.081952789
0,0.055214206
0.230088496,0.045897262
0.061946903,0.134394073
0.150442478,0.183637433
0,0.063561967
0,0.111607668
0,0.091702024
0.376106195,0.238197993
0.03539823,0.091147403
0.216814159,0.220708122
0.287610619,0.224015885
0.123893805,0.064971381
0.053097345,0.091838105
0.212389381,0.190071115
0,0.094031722
0.03539823,0.005186984
0.300884956,0.094763496
0,0.062148257
0.743362832,0.770451596
0,0.054103212
0,0.103357927
0,0.005017989
0,1.29155E-06
0,0.073336564
0,0.065801478
0,0.137418622
0,0
0,0.015973222
0.053097345,0.268448884
0,0.119541164
0.181415929,0.237826849
0.053097345,0.160008545
0.159292035,0.087124892
0,0.058187285
0.265486726,0.037038707
0.345132743,0.253481287
0,0.005091561
0.221238938,0.209413392
0.35840708,0.250977455
0.398230088,0.423017996
0,0.17547202
0.10619469,0.235963191
0,0.027595051
0.14159292,0.294445209
0.345132743,0.095946279
0,0.169785181
0.362831858,0.420234344
0,0.032624927
0,0.008600003
0.287610619,0.21179119
0,0.148757929
0,0.005041536
0.367256637,0.359385241
0.03539823,0.125992675
0,0.083954654
0.274336283,0.241349256
0.380530973,0.318204038
0,0.132027678
0.07079646,0.039168201
0.274336283,0.315047678
0,0.005038614
0,0.054734035
0,0.128161677
0.185840708,0.232559033
0.17699115,0.064559817
0.504424779,0.423807406
0.053097345,0.130974374
0,0.036940339
0,0.000797945
0,0.023187506
0.212389381,0.063059825
0.053097345,0.182075163
0.238938053,0.534267301
0.053097345,0.080003239
0,0.151415529
0.194690265,0.080637638
0.07079646,0.018537732
0,0.138850859
0,6.37745E-07
0.088495575,0.062776539
0.265486726,0.346645774
0.234513274,0.09179293
0.088495575,0.252504185
0.230088496,0.359666937
0.053097345,0.141998966
0.053097345,0.237961064
0,1.12045E-06
0,5.50871E-07
0.340707965,0.370086698
0.07079646,0.129160535
0.345132743,0.250531612
0.03539823,0.028086506
0.053097345,0.230045793
0,0.204738907
0,0.059774191
0.60619469,0.399720486
0,0.235818539
0,6.59787E-07
0,0.080454954
0,0.000185296
0,0.005036638
0,0.0328681
0,1.49393E-06
0.265486726,0.319708827
0.07079646,0.265708789
0.194690265,0.080017636
0.03539823,0.080124041
0.415929204,0.299134379
0.442477876,0.650061276
0.132743363,0.081129652
0.053097345,0.204403162
0.10619469,0.064209531
0,9.50655E-07
0.17699115,0.248349579
0,0.075002636
0,0.016122741
0.230088496,0.282538137
0.309734513,0.376821283
0.442477876,0.235167995
0.14159292,0.206733863
0,0.065442433
0.46460177,0.207587896
0.088495575,0.105047032
0,0.030392161
0.575221239,0.324654187
0.39380531,0.162139537
0,0.009663931
0.185840708,0.442501917
0,0.131951794
0.194690265,0.371376795
0.10619469,0.089521381
0.053097345,0.190892667
0,6.02994E-06
0.522123894,0.10050152
0.159292035,0.123490634
0,0.093237269
0,0.093711345
0.287610619,0.265250734
0.252212389,0.176094231
0.212389381,0.005890747
0,7.56687E-07
0.238938053,0.100865881
0.212389381,0.015893273
0,5.54321E-06
0,1.15622E-06
0,0.054405767
0.256637168,0.185881937
0,0.036554338
0,0.016481505
0,0.054259716
0.03539823,0.054461869
0.451327434,0.435368633
0,0.019491411
0.17699115,0.176656993
0,0.049614991
0.14159292,0.170604857
0,0.160139102
0,0.010551386
0.300884956,0.026536779
0,0.266945149
0,0.066905201
0,8.71507E-06
0.053097345,0.03774593
0,0.03269731
0,0.058883432
0,0.258176266
0,0.005190742
0.300884956,0.086944372
0,0.031639369
0.048672566,0.155676056
0,0.094788171
0,0.115921774
0,0.005001516
0.380530973,0.099258396
0.415929204,0.396576248
0,0.04717635
0,0.084785472
0,0.005463419
0,5.68179E-08
0,0.110173276
0.053097345,0.032206801
0,0.08601797
0,0.013630804
0,0.006374763
0.10619469,0.0602219
0.088495575,0.016050853
0,0.04095135
0,0.127707704
0,4.28382E-08
0,0.128491287
0,0.001192927
0,0.128071406
0.17699115,0.623272004
0,0.16126733
0,3.4927E-08
0.053097345,0.044573742
0.14159292,0.221697878
0.159292035,0.27376284
0,0.080157438
0,0.183702123
0,0.048898547
0,0.000255075
0,0.107248399
0,0.026792043
0,0.080216276
0.10619469,0.151720258
0.053097345,0.038562192
0,0.005469399
0.053097345,0.013650417
0,0.033060679
0,5.28801E-08
0,4.16115E-08
0.053097345,0.059520586
0,0.034747408
0.380530973,0.459218189
0,7.1038E-06
0.17699115,0.160877587
0.10619469,0.086676584
0.137168142,0.06266168
0,0.016291899
0.053097345,0.079518743
0.451327434,0.064314766
0.407079646,0.30767733
0,0.222661009
0,0.080021728
0.053097345,0.005211221
0.088495575,0.053726657
0.10619469,0.084562667
0,0.161903071
0.146017699,0.428649946
0,0.128606208
0,0.00500409
0,0.007395201
0.053097345,0.164959335
0.398230088,0.411395922
0,2.70631E-06
0,2.79904E-06
0,0.005027558
0.053097345,0.214299957
0,0.074990274
0,0
0.234513274,0.262626045
0.053097345,0.089332644
0.03539823,0.114374982
0.159292035,0.088767853
0,0.068996926
0.03539823,0.108143769
0.123893805,0.113279226
0.199115044,0.195479443
0,0.161168568
0.10619469,0.013641804
0.123893805,0.067046637
0,0.03727423
0.03539823,0.084896746
0.053097345,0.160007915
0,2.42839E-06
0.150442478,0.110972031
0,0.005180861
0,0.009792669
0.292035398,0.156685123
0,2.67306E-06
0.053097345,0.0248255
0.300884956,0.26836855
0.212389381,0.162608468
0,0.067167328
0,0.022683485
0,0.067396739
0.053097345,0.187586148
0.159292035,0.400429196
0,1.0764E-06
0.181415929,0.170919033
0.415929204,0.494134177
0,0.079000943
0,0.065341757
0.168141593,0.191167784
0.14159292,0.143716469
0,0.075320198
0.252212389,0.056857372
0,0.056615688
0,0.243766969
0.10619469,0.083754628
0,0.005939107
0,0.080002922
0.216814159,0.088904957
0.10619469,0.129140892
0.097345133,0.270036489
0.07079646,0.034997692
0,0.041954196
0.265486726,0.24400031
0,0.110171249
0,0.083410415
0.424778761,0.414974375
0.03539823,0.096855865
0,0.107890023
0,0.054126055
0,3.38299E-06
0,0.078141949
0,0.013632685
0.451327434,0.176263404
0,0.084474658
0,0.143334213
0,0.160001214
0.03539823,0.056360022
0.455752212,0.083603662
0.053097345,0.072411566
0,0.066478989
0.150442478,0.299089762
0,0.042387601
0.123893805,0.056711262
0,0.114615766
0,0.014048052
0.14159292,0.241575298
0.221238938,0.154900969
0.274336283,0.275545948
0,0.203189908
0,0.096145273
0,0.047966486
0.238938053,0.081019166
0,0.085624586
0.212389381,0.132564379
0,0.079393231
0,0.012936984
0,0.353051672
0,0.018748881
0.743362832,0.760177543
0,0.016263836
0.03539823,0.073859602
0.238938053,0.319734928
0.221238938,0.072200435
0.053097345,0.116351992
0,0.005005702
0,0.084202408
0,0.043242791
0.10619469,0.076476567
0.03539823,0.081867782
0.247787611,0.034986809
0.292035398,0.212496704
0,0.062306593
0.14159292,0.201993498
0.053097345,0.174122586
0.274336283,0.210670203
0.10619469,0.154719396
0,0.056041869
0.504424779,0.136776559
0,0.01963272
0.053097345,0.084058871
0.362831858,0.239249855
0.415929204,0.323937493
0.053097345,0.05456715
0.03539823,0.123511043
0.159292035,0.274284405
0,0.012105204
0.230088496,0.131440247
0.389380531,0.290121225
0,0.190916781
0,0.010318668
0,0.220833429
0.146017699,0.343342205
0.088495575,0.130026456
0,0.097090931
0.199115044,0.355334976
0.628318584,0.613245189
0.097345133,0.192619286
0,0.080000301
0.340707965,0.283906419
0.03539823,5.20277E-07
0,0.149834273
0.336283186,0.19289886
0.053097345,0.215093708
0,0.03255074
0.053097345,0.235406808
0.048672566,0.146993209
0,0.007329075
0.053097345,0.07341512
0,0.048531535
0,2.16704E-07
0,0.007029874
0.115044248,0.152756741
0.238938053,0.337741422
0.336283186,0.30144457
0.146017699,0.313115392
0.10619469,0.08506706
0.10619469,0.099495834
0.292035398,0.358439597
0.053097345,0.013945254
0,0.073231508
0.610619469,0.412259694
0.14159292,0.039585285
0.221238938,0.252451367
0.03539823,0.104513416
0.053097345,0.082379452
0.053097345,0.092434695
0.03539823,0.152784513
0,0.228729321
0.389380531,0.199656855
0.221238938,0.239798797
0.159292035,0.098026037
0.053097345,0.052529286
0.053097345,0.111230574
0.03539823,0.089864462
0.053097345,0.075885479
0.292035398,0.286084878
0.504424779,0.445237149
0.230088496,0.261957353
0.398230088,0.339961279
0,0.133625706
0.247787611,0.015352972
0.097345133,0.1477501
0,0.054819014
0.238938053,0.257591689
0.10619469,0.057867698
0.172566372,0.238674931
0.14159292,0.203480778
0.221238938,0.199868336
0,0.158607848
0.982300885,0.487244305
0.230088496,0.095110503
0,0.051811399
0.256637168,0.242333578
0.690265487,0.965189985
0.10619469,0.132961131
0.256637168,0.201007439
0.14159292,0.097056649
0.327433628,0.30285292
0.362831858,0.315319099
0.159292035,0.160011632
0.380530973,0.231107851
0.053097345,0.050078356
0.283185841,0.259499785
0.03539823,0.150362406
0.10619469,0.02279334
0.053097345,0.162624513
0.380530973,0.2379207
0.212389381,0.294963584
0.185840708,0.179651397
0.185840708,0.255859255
0.146017699,0.127691413
0.486725664,0.194873061
0.327433628,0.504690773
0.389380531,0.823149141
0.181415929,0.21493518
0,0.084119145
0.252212389,0.223406439
0.380530973,0.313174291
0.053097345,0.178695757
0.438053097,0.481302356
0.451327434,0.245061298
0.380530973,0.325202787
0.287610619,0.239525955
0.238938053,0.068598866
0.274336283,0.262978366
0.123893805,0.170789575
0.292035398,0.334223152
0.376106195,0.231626455
0.194690265,0.17628167
0.451327434,0.221788617
0.238938053,0.222060784
0.256637168,0.304065419
0,0.182126334
0.274336283,0.16912709
0.305309735,0.358432823
0.185840708,0.220863486
0.247787611,0.344687476
0.305309735,0.080769365
0.053097345,0.106652015
0.283185841,0.212705398
0,0.006402926
0.10619469,0.158715706
0.17699115,0.347781671
0.03539823,0.08
0.159292035,0.075701746
0.123893805,0.086816795
0.185840708,0.189634521
0.199115044,0.175165983
0.185840708,0.408214385
0.362831858,0.240350649
0.230088496,0.15579768
0.743362832,0.792183539
0.221238938,0.033687584
0.199115044,0.231717037
0.053097345,0.224824998
0.14159292,0.057539612
0.371681416,0.290316009
0.212389381,0.207803581
0.159292035,0.149967654
0.247787611,0.0813393
0.261061947,0.139292244
0.07079646,0.021087119
0.14159292,0.203535097
0.053097345,0.125754751
0.053097345,0.075650528
0,0.062802954
0.146017699,0.230726609
0.053097345,0.06886278
0.03539823,0.127080799
0,0.02262199
0,0.104506752
0,0.128022541
0.061946903,0.139423289
0.10619469,0.138158543
0,0.047310886
0,0.093343638
0,0.070577295
0,0.00670885
0.03539823,0.092096373
0,0.004158091
0,0.091963137
